strategy_key,strategy_name,direction,hour_utc,entry_time_utc,exit_time_utc,entry_time_local,exit_time_local,entry_local_date,entry_local_week,entry_local_month,entry_price,exit_price,hold_bars,hold_hours,exit_reason,trend_12h_pct,atr_at_entry,pnl_pct,pnl_abs,result
strategy_e,Strategy E (Afternoon Engine),long,14,2026-03-23T14:00:00+00:00,2026-03-23T15:00:00+00:00,2026-03-23T22:00:00+08:00,2026-03-23T23:00:00+08:00,2026-03-23,2026-W13,2026-03,71446.46,70592.5186,1,1,sl,4.5751,853.9414,-1.1952,-853.9414,loss
strategy_c,Strategy C (US Session Drain),short,16,2026-03-22T16:00:00+00:00,2026-03-22T20:00:00+00:00,2026-03-23T00:00:00+08:00,2026-03-23T04:00:00+08:00,2026-03-23,2026-W13,2026-03,68805.58,68087.8429,4,4,tp,-0.7965,358.8686,1.0431,717.7371,win
strategy_c,Strategy C (US Session Drain),short,16,2026-03-21T16:00:00+00:00,2026-03-21T18:00:00+00:00,2026-03-22T00:00:00+08:00,2026-03-22T02:00:00+08:00,2026-03-22,2026-W12,2026-03,70301.66,70516.6993,2,2,sl,-0.482,215.0393,-0.3059,-215.0393,loss
strategy_c,Strategy C (US Session Drain),short,16,2026-03-20T16:00:00+00:00,2026-03-20T21:00:00+00:00,2026-03-21T00:00:00+08:00,2026-03-21T05:00:00+08:00,2026-03-21,2026-W12,2026-03,69829.26,70354.53,5,5,sl,-1.3484,525.27,-0.7522,-525.27,loss
strategy_c,Strategy C (US Session Drain),short,16,2026-03-19T16:00:00+00:00,2026-03-19T19:00:00+00:00,2026-03-20T00:00:00+08:00,2026-03-20T03:00:00+08:00,2026-03-20,2026-W12,2026-03,69455.86,70116.5693,3,3,sl,-1.9291,660.7093,-0.9513,-660.7093,loss
strategy_c,Strategy C (US Session Drain),short,16,2026-03-18T16:00:00+00:00,2026-03-18T18:00:00+00:00,2026-03-19T00:00:00+08:00,2026-03-19T02:00:00+08:00,2026-03-19,2026-W12,2026-03,71314.08,71862.7729,2,2,sl,-3.8576,548.6929,-0.7694,-548.6929,loss
strategy_c,Strategy C (US Session Drain),short,16,2026-03-17T16:00:00+00:00,2026-03-17T22:00:00+00:00,2026-03-18T00:00:00+08:00,2026-03-18T06:00:00+08:00,2026-03-18,2026-W12,2026-03,74155.69,74307.08,6,6,time,-0.1297,649.5464,-0.2042,-151.39,loss
strategy_c,Strategy C (US Session Drain),short,16,2026-03-16T16:00:00+00:00,2026-03-16T21:00:00+00:00,2026-03-17T00:00:00+08:00,2026-03-17T05:00:00+08:00,2026-03-17,2026-W12,2026-03,73760.63,74536.9657,5,5,sl,-0.1016,776.3357,-1.0525,-776.3357,loss
strategy_e,Strategy E (Afternoon Engine),long,14,2026-03-16T14:00:00+00:00,2026-03-16T20:00:00+00:00,2026-03-16T22:00:00+08:00,2026-03-17T04:00:00+08:00,2026-03-16,2026-W12,2026-03,73565.54,74236.9,6,6,time,1.4492,739.2843,0.9126,671.36,win
strategy_c,Strategy C (US Session Drain),short,16,2026-03-15T16:00:00+00:00,2026-03-15T17:00:00+00:00,2026-03-16T00:00:00+08:00,2026-03-16T01:00:00+08:00,2026-03-16,2026-W12,2026-03,71437.35,71711.3193,1,1,sl,-0.236,273.9693,-0.3835,-273.9693,loss
strategy_e,Strategy E (Afternoon Engine),long,14,2026-03-15T14:00:00+00:00,2026-03-15T16:00:00+00:00,2026-03-15T22:00:00+08:00,2026-03-16T00:00:00+08:00,2026-03-15,2026-W11,2026-03,71622.03,71323.4771,2,2,sl,0.24,298.5529,-0.4168,-298.5529,loss
strategy_c,Strategy C (US Session Drain),short,16,2026-03-14T16:00:00+00:00,2026-03-14T22:00:00+00:00,2026-03-15T00:00:00+08:00,2026-03-15T06:00:00+08:00,2026-03-15,2026-W11,2026-03,70672.53,70710.91,6,6,time,-0.5167,287.2979,-0.0543,-38.38,loss
strategy_e,Strategy E (Afternoon Engine),long,14,2026-03-13T14:00:00+00:00,2026-03-13T15:00:00+00:00,2026-03-13T22:00:00+08:00,2026-03-13T23:00:00+08:00,2026-03-13,2026-W11,2026-03,72382.72,71775.3879,1,1,sl,1.7414,607.3321,-0.8391,-607.3321,loss
strategy_e,Strategy E (Afternoon Engine),long,14,2026-03-12T14:00:00+00:00,2026-03-12T20:00:00+00:00,2026-03-12T22:00:00+08:00,2026-03-13T04:00:00+08:00,2026-03-12,2026-W11,2026-03,69590.09,70164.49,6,6,time,0.4381,556.66,0.8254,574.4,win
strategy_e,Strategy E (Afternoon Engine),long,14,2026-03-11T14:00:00+00:00,2026-03-11T15:00:00+00:00,2026-03-11T22:00:00+08:00,2026-03-11T23:00:00+08:00,2026-03-11,2026-W11,2026-03,70578.7,69937.4536,1,1,sl,1.1001,641.2464,-0.9086,-641.2464,loss
strategy_e,Strategy E (Afternoon Engine),long,14,2026-03-10T14:00:00+00:00,2026-03-10T17:00:00+00:00,2026-03-10T22:00:00+08:00,2026-03-11T01:00:00+08:00,2026-03-10,2026-W11,2026-03,71467.81,70658.1543,3,3,sl,1.7017,809.6557,-1.1329,-809.6557,loss
strategy_e,Strategy E (Afternoon Engine),long,14,2026-03-09T14:00:00+00:00,2026-03-09T17:00:00+00:00,2026-03-09T22:00:00+08:00,2026-03-10T01:00:00+08:00,2026-03-09,2026-W11,2026-03,69151.5,68409.9136,3,3,sl,3.9289,741.5864,-1.0724,-741.5864,loss
strategy_e,Strategy E (Afternoon Engine),long,14,2026-03-08T14:00:00+00:00,2026-03-08T16:00:00+00:00,2026-03-08T22:00:00+08:00,2026-03-09T00:00:00+08:00,2026-03-08,2026-W10,2026-03,67339.76,66879.1371,2,2,sl,0.6191,460.6229,-0.684,-460.6229,loss
strategy_c,Strategy C (US Session Drain),short,16,2026-03-07T16:00:00+00:00,2026-03-07T19:00:00+00:00,2026-03-08T00:00:00+08:00,2026-03-08T03:00:00+08:00,2026-03-08,2026-W10,2026-03,67783.63,67145.4143,3,3,tp,-0.4111,319.1079,0.9415,638.2157,win
strategy_c,Strategy C (US Session Drain),short,16,2026-03-06T16:00:00+00:00,2026-03-06T22:00:00+00:00,2026-03-07T00:00:00+08:00,2026-03-07T06:00:00+08:00,2026-03-07,2026-W10,2026-03,68446.52,68319.89,6,6,time,-3.0689,627.2379,0.185,126.63,win
strategy_c,Strategy C (US Session Drain),short,16,2026-03-05T16:00:00+00:00,2026-03-05T22:00:00+00:00,2026-03-06T00:00:00+08:00,2026-03-06T06:00:00+08:00,2026-03-06,2026-W10,2026-03,71305.92,71208.54,6,6,time,-2.0734,760.0986,0.1366,97.38,win
strategy_e,Strategy E (Afternoon Engine),long,14,2026-03-05T14:00:00+00:00,2026-03-05T15:00:00+00:00,2026-03-05T22:00:00+08:00,2026-03-05T23:00:00+08:00,2026-03-05,2026-W10,2026-03,72609.29,71920.0829,1,1,sl,0.1422,689.2071,-0.9492,-689.2071,loss
strategy_e,Strategy E (Afternoon Engine),long,14,2026-03-04T14:00:00+00:00,2026-03-04T15:00:00+00:00,2026-03-04T22:00:00+08:00,2026-03-04T23:00:00+08:00,2026-03-04,2026-W10,2026-03,71621.04,73413.3414,1,1,tp,4.8266,896.1507,2.5025,1792.3014,win
strategy_e,Strategy E (Afternoon Engine),long,14,2026-03-02T14:00:00+00:00,2026-03-02T15:00:00+00:00,2026-03-02T22:00:00+08:00,2026-03-02T23:00:00+08:00,2026-03-02,2026-W10,2026-03,67177.06,68571.9243,1,1,tp,1.3584,697.4321,2.0764,1394.8643,win
strategy_c,Strategy C (US Session Drain),short,16,2026-03-01T16:00:00+00:00,2026-03-01T22:00:00+00:00,2026-03-02T00:00:00+08:00,2026-03-02T06:00:00+08:00,2026-03-02,2026-W10,2026-03,66135.45,65268.71,6,6,time,-1.7982,607.2636,1.3106,866.74,win
strategy_c,Strategy C (US Session Drain),short,16,2026-02-28T16:00:00+00:00,2026-02-28T18:00:00+00:00,2026-03-01T00:00:00+08:00,2026-03-01T02:00:00+08:00,2026-03-01,2026-W09,2026-03,65094.3,65871.0479,2,2,sl,-0.8664,776.7479,-1.1933,-776.7479,loss
strategy_c,Strategy C (US Session Drain),short,16,2026-02-27T16:00:00+00:00,2026-02-27T22:00:00+00:00,2026-02-28T00:00:00+08:00,2026-02-28T06:00:00+08:00,2026-02-28,2026-W09,2026-02,65475.21,65637.99,6,6,time,-3.354,571.8971,-0.2486,-162.78,loss
strategy_c,Strategy C (US Session Drain),short,16,2026-02-26T16:00:00+00:00,2026-02-26T18:00:00+00:00,2026-02-27T00:00:00+08:00,2026-02-27T02:00:00+08:00,2026-02-27,2026-W09,2026-02,66643.55,67228.2929,2,2,sl,-2.8114,584.7429,-0.8774,-584.7429,loss
strategy_e,Strategy E (Afternoon Engine),long,14,2026-02-25T14:00:00+00:00,2026-02-25T16:00:00+00:00,2026-02-25T22:00:00+08:00,2026-02-26T00:00:00+08:00,2026-02-25,2026-W09,2026-02,66973.2,68267.5786,2,2,tp,1.6519,647.1893,1.9327,1294.3786,win
strategy_e,Strategy E (Afternoon Engine),long,14,2026-02-23T14:00:00+00:00,2026-02-23T16:00:00+00:00,2026-02-23T22:00:00+08:00,2026-02-24T00:00:00+08:00,2026-02-23,2026-W09,2026-02,65923.53,65278.3643,2,2,sl,1.7597,645.1657,-0.9787,-645.1657,loss
strategy_c,Strategy C (US Session Drain),short,16,2026-02-22T16:00:00+00:00,2026-02-22T22:00:00+00:00,2026-02-23T00:00:00+08:00,2026-02-23T06:00:00+08:00,2026-02-23,2026-W09,2026-02,67632.76,67666.16,6,6,time,-0.5159,227.6279,-0.0494,-33.4,loss
strategy_e,Strategy E (Afternoon Engine),long,14,2026-02-21T14:00:00+00:00,2026-02-21T16:00:00+00:00,2026-02-21T22:00:00+08:00,2026-02-22T00:00:00+08:00,2026-02-21,2026-W08,2026-02,68450.01,68213.94,2,2,sl,0.6602,236.07,-0.3449,-236.07,loss
strategy_c,Strategy C (US Session Drain),short,16,2026-02-19T16:00:00+00:00,2026-02-19T17:00:00+00:00,2026-02-20T00:00:00+08:00,2026-02-20T01:00:00+08:00,2026-02-20,2026-W08,2026-02,66293.53,66767.0271,1,1,sl,-0.7623,473.4971,-0.7142,-473.4971,loss
strategy_c,Strategy C (US Session Drain),short,16,2026-02-18T16:00:00+00:00,2026-02-18T19:00:00+00:00,2026-02-19T00:00:00+08:00,2026-02-19T03:00:00+08:00,2026-02-19,2026-W08,2026-02,67145.34,66110.2271,3,3,tp,-0.9999,517.5564,1.5416,1035.1129,win
strategy_c,Strategy C (US Session Drain),short,16,2026-02-17T16:00:00+00:00,2026-02-17T18:00:00+00:00,2026-02-18T00:00:00+08:00,2026-02-18T02:00:00+08:00,2026-02-18,2026-W08,2026-02,67517.36,68071.0829,2,2,sl,-1.4081,553.7229,-0.8201,-553.7229,loss
strategy_c,Strategy C (US Session Drain),short,16,2026-02-16T16:00:00+00:00,2026-02-16T20:00:00+00:00,2026-02-17T00:00:00+08:00,2026-02-17T04:00:00+08:00,2026-02-17,2026-W08,2026-02,67888.7,68504.485,4,4,sl,-1.425,615.785,-0.9071,-615.785,loss
strategy_e,Strategy E (Afternoon Engine),long,14,2026-02-16T14:00:00+00:00,2026-02-16T15:00:00+00:00,2026-02-16T22:00:00+08:00,2026-02-16T23:00:00+08:00,2026-02-16,2026-W08,2026-02,68427.64,67861.5893,1,1,sl,0.1568,566.0507,-0.8272,-566.0507,loss
strategy_c,Strategy C (US Session Drain),short,16,2026-02-15T16:00:00+00:00,2026-02-15T22:00:00+00:00,2026-02-16T00:00:00+08:00,2026-02-16T06:00:00+08:00,2026-02-16,2026-W08,2026-02,69017.75,68999.96,6,6,time,-1.6617,567.4007,0.0258,17.79,win
strategy_e,Strategy E (Afternoon Engine),long,14,2026-02-14T14:00:00+00:00,2026-02-14T16:00:00+00:00,2026-02-14T22:00:00+08:00,2026-02-15T00:00:00+08:00,2026-02-14,2026-W07,2026-02,69701.66,69284.7329,2,2,sl,1.1867,416.9271,-0.5982,-416.9271,loss
strategy_e,Strategy E (Afternoon Engine),long,14,2026-02-13T14:00:00+00:00,2026-02-13T15:00:00+00:00,2026-02-13T22:00:00+08:00,2026-02-13T23:00:00+08:00,2026-02-13,2026-W07,2026-02,67733.51,68723.3243,1,1,tp,1.6057,494.9071,1.4613,989.8143,win
strategy_c,Strategy C (US Session Drain),short,16,2026-02-12T16:00:00+00:00,2026-02-12T22:00:00+00:00,2026-02-13T00:00:00+08:00,2026-02-13T06:00:00+08:00,2026-02-13,2026-W07,2026-02,65863.37,66288.0,6,6,time,-1.7235,661.9636,-0.6447,-424.63,loss
strategy_e,Strategy E (Afternoon Engine),long,14,2026-02-12T14:00:00+00:00,2026-02-12T15:00:00+00:00,2026-02-12T22:00:00+08:00,2026-02-12T23:00:00+08:00,2026-02-12,2026-W07,2026-02,67577.02,67035.9371,1,1,sl,0.2045,541.0829,-0.8007,-541.0829,loss
strategy_c,Strategy C (US Session Drain),short,16,2026-02-11T16:00:00+00:00,2026-02-11T17:00:00+00:00,2026-02-12T00:00:00+08:00,2026-02-12T01:00:00+08:00,2026-02-12,2026-W07,2026-02,66039.09,66868.44,1,1,sl,-2.2866,829.35,-1.2558,-829.35,loss
strategy_c,Strategy C (US Session Drain),short,16,2026-02-10T16:00:00+00:00,2026-02-10T22:00:00+00:00,2026-02-11T00:00:00+08:00,2026-02-11T06:00:00+08:00,2026-02-11,2026-W07,2026-02,69517.71,68707.18,6,6,time,-0.4495,730.8979,1.1659,810.53,win
strategy_c,Strategy C (US Session Drain),short,16,2026-02-09T16:00:00+00:00,2026-02-09T17:00:00+00:00,2026-02-10T00:00:00+08:00,2026-02-10T01:00:00+08:00,2026-02-10,2026-W07,2026-02,70093.01,70914.1821,1,1,sl,-1.2844,821.1721,-1.1715,-821.1721,loss
strategy_e,Strategy E (Afternoon Engine),long,14,2026-02-08T14:00:00+00:00,2026-02-08T16:00:00+00:00,2026-02-08T22:00:00+08:00,2026-02-09T00:00:00+08:00,2026-02-08,2026-W06,2026-02,71262.19,70691.3471,2,2,sl,2.7266,570.8429,-0.801,-570.8429,loss
strategy_c,Strategy C (US Session Drain),short,16,2026-02-07T16:00:00+00:00,2026-02-07T22:00:00+00:00,2026-02-08T00:00:00+08:00,2026-02-08T06:00:00+08:00,2026-02-08,2026-W06,2026-02,68957.16,69399.34,6,6,time,-2.559,1094.1607,-0.6412,-442.18,loss
strategy_e,Strategy E (Afternoon Engine),long,14,2026-02-06T14:00:00+00:00,2026-02-06T17:00:00+00:00,2026-02-06T22:00:00+08:00,2026-02-07T01:00:00+08:00,2026-02-06,2026-W06,2026-02,68194.89,70896.0514,3,3,tp,4.9312,1350.5807,3.9609,2701.1614,win
strategy_c,Strategy C (US Session Drain),short,16,2026-02-05T16:00:00+00:00,2026-02-05T18:00:00+00:00,2026-02-06T00:00:00+08:00,2026-02-06T02:00:00+08:00,2026-02-06,2026-W06,2026-02,68295.15,65975.8429,2,2,tp,-3.6578,1159.6536,3.396,2319.3071,win
strategy_c,Strategy C (US Session Drain),short,16,2026-02-04T16:00:00+00:00,2026-02-04T22:00:00+00:00,2026-02-05T00:00:00+08:00,2026-02-05T06:00:00+08:00,2026-02-05,2026-W06,2026-02,73636.01,72118.1871,6,6,tp,-3.7183,758.9114,2.0613,1517.8229,win
strategy_c,Strategy C (US Session Drain),short,16,2026-02-03T16:00:00+00:00,2026-02-03T17:00:00+00:00,2026-02-04T00:00:00+08:00,2026-02-04T01:00:00+08:00,2026-02-04,2026-W06,2026-02,76488.08,74958.6543,1,1,tp,-2.9319,764.7129,1.9996,1529.4257,win
strategy_e,Strategy E (Afternoon Engine),long,14,2026-02-02T14:00:00+00:00,2026-02-02T20:00:00+00:00,2026-02-02T22:00:00+08:00,2026-02-03T04:00:00+08:00,2026-02-02,2026-W06,2026-02,77844.79,78008.59,6,6,time,1.7696,1040.9721,0.2104,163.8,win
strategy_c,Strategy C (US Session Drain),short,16,2026-02-01T16:00:00+00:00,2026-02-01T18:00:00+00:00,2026-02-02T00:00:00+08:00,2026-02-02T02:00:00+08:00,2026-02-02,2026-W06,2026-02,77494.77,78209.5164,2,2,sl,-1.8703,714.7464,-0.9223,-714.7464,loss
strategy_c,Strategy C (US Session Drain),short,16,2026-01-31T16:00:00+00:00,2026-01-31T17:00:00+00:00,2026-02-01T00:00:00+08:00,2026-02-01T01:00:00+08:00,2026-02-01,2026-W05,2026-02,80365.04,79042.8486,1,1,tp,-4.3187,661.0957,1.6452,1322.1914,win
strategy_e,Strategy E (Afternoon Engine),long,14,2026-01-30T14:00:00+00:00,2026-01-30T18:00:00+00:00,2026-01-30T22:00:00+08:00,2026-01-31T02:00:00+08:00,2026-01-30,2026-W05,2026-01,83098.0,82189.8957,4,4,sl,1.1357,908.1043,-1.0928,-908.1043,loss
strategy_c,Strategy C (US Session Drain),short,16,2026-01-29T16:00:00+00:00,2026-01-29T17:00:00+00:00,2026-01-30T00:00:00+08:00,2026-01-30T01:00:00+08:00,2026-01-30,2026-W05,2026-01,85270.0,84078.0786,1,1,tp,-3.4481,595.9607,1.3978,1191.9214,win
strategy_e,Strategy E (Afternoon Engine),long,14,2026-01-28T14:00:00+00:00,2026-01-28T15:00:00+00:00,2026-01-28T22:00:00+08:00,2026-01-28T23:00:00+08:00,2026-01-28,2026-W05,2026-01,89617.27,89173.405,1,1,sl,0.3713,443.865,-0.4953,-443.865,loss
strategy_c,Strategy C (US Session Drain),short,16,2026-01-26T16:00:00+00:00,2026-01-26T18:00:00+00:00,2026-01-27T00:00:00+08:00,2026-01-27T02:00:00+08:00,2026-01-27,2026-W05,2026-01,87606.99,88156.7764,2,2,sl,-0.1482,549.7864,-0.6276,-549.7864,loss
strategy_e,Strategy E (Afternoon Engine),long,14,2026-01-26T14:00:00+00:00,2026-01-26T15:00:00+00:00,2026-01-26T22:00:00+08:00,2026-01-26T23:00:00+08:00,2026-01-26,2026-W05,2026-01,88178.1,87682.6721,1,1,sl,0.702,495.4279,-0.5618,-495.4279,loss
strategy_c,Strategy C (US Session Drain),short,16,2026-01-25T16:00:00+00:00,2026-01-25T18:00:00+00:00,2026-01-26T00:00:00+08:00,2026-01-26T02:00:00+08:00,2026-01-26,2026-W05,2026-01,88077.26,87389.75,2,2,tp,-1.0445,343.755,0.7806,687.51,win
strategy_c,Strategy C (US Session Drain),short,16,2026-01-24T16:00:00+00:00,2026-01-24T18:00:00+00:00,2026-01-25T00:00:00+08:00,2026-01-25T02:00:00+08:00,2026-01-25,2026-W04,2026-01,89290.01,89447.9236,2,2,sl,-0.6004,157.9136,-0.1769,-157.9136,loss
strategy_c,Strategy C (US Session Drain),short,16,2026-01-22T16:00:00+00:00,2026-01-22T17:00:00+00:00,2026-01-23T00:00:00+08:00,2026-01-23T01:00:00+08:00,2026-01-23,2026-W04,2026-01,89054.06,89462.4943,1,1,sl,-1.0498,408.4343,-0.4586,-408.4343,loss
strategy_c,Strategy C (US Session Drain),short,16,2026-01-21T16:00:00+00:00,2026-01-21T18:00:00+00:00,2026-01-22T00:00:00+08:00,2026-01-22T02:00:00+08:00,2026-01-22,2026-W04,2026-01,87602.4,88353.8829,2,2,sl,-2.0643,751.4829,-0.8578,-751.4829,loss
strategy_e,Strategy E (Afternoon Engine),long,14,2026-01-21T14:00:00+00:00,2026-01-21T16:00:00+00:00,2026-01-21T22:00:00+08:00,2026-01-22T00:00:00+08:00,2026-01-21,2026-W04,2026-01,89805.43,89260.1864,2,2,sl,0.8499,545.2436,-0.6071,-545.2436,loss
strategy_c,Strategy C (US Session Drain),short,16,2026-01-20T16:00:00+00:00,2026-01-20T22:00:00+00:00,2026-01-21T00:00:00+08:00,2026-01-21T06:00:00+08:00,2026-01-21,2026-W04,2026-01,90165.51,89013.76,6,6,tp,-2.0607,575.875,1.2774,1151.75,win
strategy_e,Strategy E (Afternoon Engine),long,14,2026-01-19T14:00:00+00:00,2026-01-19T20:00:00+00:00,2026-01-19T22:00:00+08:00,2026-01-20T04:00:00+08:00,2026-01-19,2026-W04,2026-01,92812.43,93141.94,6,6,time,0.2654,338.0036,0.355,329.51,win
strategy_e,Strategy E (Afternoon Engine),long,14,2026-01-17T14:00:00+00:00,2026-01-17T16:00:00+00:00,2026-01-17T22:00:00+08:00,2026-01-18T00:00:00+08:00,2026-01-17,2026-W03,2026-01,95471.18,95300.0421,2,2,sl,0.1047,171.1379,-0.1793,-171.1379,loss
strategy_c,Strategy C (US Session Drain),short,16,2026-01-16T16:00:00+00:00,2026-01-16T20:00:00+00:00,2026-01-17T00:00:00+08:00,2026-01-17T04:00:00+08:00,2026-01-17,2026-W03,2026-01,94872.55,95283.8814,4,4,sl,-0.4081,411.3314,-0.4336,-411.3314,loss
strategy_e,Strategy E (Afternoon Engine),long,14,2026-01-14T14:00:00+00:00,2026-01-14T16:00:00+00:00,2026-01-14T22:00:00+08:00,2026-01-15T00:00:00+08:00,2026-01-14,2026-W03,2026-01,96493.15,97516.0129,2,2,tp,1.2016,511.4314,1.06,1022.8629,win
strategy_e,Strategy E (Afternoon Engine),long,14,2026-01-13T14:00:00+00:00,2026-01-13T15:00:00+00:00,2026-01-13T22:00:00+08:00,2026-01-13T23:00:00+08:00,2026-01-13,2026-W03,2026-01,92462.03,93411.81,1,1,tp,1.4747,474.89,1.0272,949.78,win
strategy_c,Strategy C (US Session Drain),short,16,2026-01-12T16:00:00+00:00,2026-01-12T21:00:00+00:00,2026-01-13T00:00:00+08:00,2026-01-13T05:00:00+08:00,2026-01-13,2026-W03,2026-01,92123.52,90965.54,5,5,tp,-0.0567,578.99,1.257,1157.98,win
strategy_e,Strategy E (Afternoon Engine),long,14,2026-01-11T14:00:00+00:00,2026-01-11T15:00:00+00:00,2026-01-11T22:00:00+08:00,2026-01-11T23:00:00+08:00,2026-01-11,2026-W02,2026-01,91127.16,90976.8157,1,1,sl,0.4721,150.3443,-0.165,-150.3443,loss
strategy_c,Strategy C (US Session Drain),short,16,2026-01-08T16:00:00+00:00,2026-01-08T22:00:00+00:00,2026-01-09T00:00:00+08:00,2026-01-09T06:00:00+08:00,2026-01-09,2026-W02,2026-01,90926.84,91231.9,6,6,time,-0.1054,634.4321,-0.3355,-305.06,loss
strategy_c,Strategy C (US Session Drain),short,16,2026-01-07T16:00:00+00:00,2026-01-07T22:00:00+00:00,2026-01-08T00:00:00+08:00,2026-01-08T06:00:00+08:00,2026-01-08,2026-W02,2026-01,91264.54,91180.85,6,6,time,-1.5169,487.4836,0.0917,83.69,win
strategy_c,Strategy C (US Session Drain),short,16,2026-01-06T16:00:00+00:00,2026-01-06T17:00:00+00:00,2026-01-07T00:00:00+08:00,2026-01-07T01:00:00+08:00,2026-01-07,2026-W02,2026-01,92692.32,91719.3871,1,1,tp,-1.182,486.4664,1.0496,972.9329,win
strategy_e,Strategy E (Afternoon Engine),long,14,2026-01-06T14:00:00+00:00,2026-01-06T15:00:00+00:00,2026-01-06T22:00:00+08:00,2026-01-06T23:00:00+08:00,2026-01-06,2026-W02,2026-01,93836.81,93467.1179,1,1,sl,0.2309,369.6921,-0.394,-369.6921,loss
strategy_e,Strategy E (Afternoon Engine),long,14,2026-01-05T14:00:00+00:00,2026-01-05T17:00:00+00:00,2026-01-05T22:00:00+08:00,2026-01-06T01:00:00+08:00,2026-01-05,2026-W02,2026-01,93428.0,94451.8071,3,3,tp,0.4245,511.9036,1.0958,1023.8071,win
strategy_c,Strategy C (US Session Drain),short,16,2026-01-04T16:00:00+00:00,2026-01-04T22:00:00+00:00,2026-01-05T00:00:00+08:00,2026-01-05T06:00:00+08:00,2026-01-05,2026-W02,2026-01,91321.0,91220.01,6,6,time,-0.0864,299.7821,0.1106,100.99,win
strategy_e,Strategy E (Afternoon Engine),long,14,2026-01-04T14:00:00+00:00,2026-01-04T18:00:00+00:00,2026-01-04T22:00:00+08:00,2026-01-05T02:00:00+08:00,2026-01-04,2026-W01,2026-01,91336.39,91023.3607,4,4,sl,0.2331,313.0293,-0.3427,-313.0293,loss
strategy_c,Strategy C (US Session Drain),short,16,2026-01-03T16:00:00+00:00,2026-01-03T21:00:00+00:00,2026-01-04T00:00:00+08:00,2026-01-04T05:00:00+08:00,2026-01-04,2026-W01,2026-01,90105.24,90398.2564,5,5,sl,-0.0718,293.0164,-0.3252,-293.0164,loss
strategy_e,Strategy E (Afternoon Engine),long,14,2026-01-02T14:00:00+00:00,2026-01-02T15:00:00+00:00,2026-01-02T22:00:00+08:00,2026-01-02T23:00:00+08:00,2026-01-02,2026-W01,2026-01,89580.0,89130.9021,1,1,sl,1.0639,449.0979,-0.5013,-449.0979,loss
strategy_e,Strategy E (Afternoon Engine),long,14,2026-01-01T14:00:00+00:00,2026-01-01T17:00:00+00:00,2026-01-01T22:00:00+08:00,2026-01-02T01:00:00+08:00,2026-01-01,2026-W01,2026-01,87967.05,88295.3886,3,3,tp,0.0603,164.1693,0.3733,328.3386,win
strategy_c,Strategy C (US Session Drain),short,16,2025-12-31T16:00:00+00:00,2025-12-31T22:00:00+00:00,2026-01-01T00:00:00+08:00,2026-01-01T06:00:00+08:00,2026-01-01,2026-W01,2026-01,87656.98,87728.29,6,6,time,-0.7564,374.4336,-0.0814,-71.31,loss
strategy_e,Strategy E (Afternoon Engine),long,14,2025-12-30T14:00:00+00:00,2025-12-30T15:00:00+00:00,2025-12-30T22:00:00+08:00,2025-12-30T23:00:00+08:00,2025-12-30,2026-W01,2025-12,88875.83,88493.64,1,1,sl,2.026,382.19,-0.43,-382.19,loss
strategy_c,Strategy C (US Session Drain),short,16,2025-12-29T16:00:00+00:00,2025-12-29T22:00:00+00:00,2025-12-30T00:00:00+08:00,2025-12-30T06:00:00+08:00,2025-12-30,2026-W01,2025-12,87627.11,87351.05,6,6,time,-2.7911,635.8314,0.315,276.06,win
strategy_e,Strategy E (Afternoon Engine),long,14,2025-12-28T14:00:00+00:00,2025-12-28T16:00:00+00:00,2025-12-28T22:00:00+08:00,2025-12-29T00:00:00+08:00,2025-12-28,2025-W52,2025-12,87910.0,87762.6971,2,2,sl,0.113,147.3029,-0.1676,-147.3029,loss
strategy_e,Strategy E (Afternoon Engine),long,14,2025-12-27T14:00:00+00:00,2025-12-27T20:00:00+00:00,2025-12-27T22:00:00+08:00,2025-12-28T04:00:00+08:00,2025-12-27,2025-W52,2025-12,87544.9,87555.92,6,6,time,0.1131,139.8614,0.0126,11.02,win
strategy_c,Strategy C (US Session Drain),short,16,2025-12-26T16:00:00+00:00,2025-12-26T17:00:00+00:00,2025-12-27T00:00:00+08:00,2025-12-27T01:00:00+08:00,2025-12-27,2025-W52,2025-12,86855.82,87404.9429,1,1,sl,-2.3755,549.1229,-0.6322,-549.1229,loss
strategy_e,Strategy E (Afternoon Engine),long,14,2025-12-22T14:00:00+00:00,2025-12-22T15:00:00+00:00,2025-12-22T22:00:00+08:00,2025-12-22T23:00:00+08:00,2025-12-22,2025-W52,2025-12,90126.43,89593.3586,1,1,sl,1.8858,533.0714,-0.5915,-533.0714,loss
strategy_e,Strategy E (Afternoon Engine),long,14,2025-12-21T14:00:00+00:00,2025-12-21T20:00:00+00:00,2025-12-21T22:00:00+08:00,2025-12-22T04:00:00+08:00,2025-12-21,2025-W51,2025-12,88065.18,88230.96,6,6,time,0.1381,369.475,0.1882,165.78,win
strategy_c,Strategy C (US Session Drain),short,16,2025-12-20T16:00:00+00:00,2025-12-20T18:00:00+00:00,2025-12-21T00:00:00+08:00,2025-12-21T02:00:00+08:00,2025-12-21,2025-W51,2025-12,88149.72,88360.5121,2,2,sl,-0.165,210.7921,-0.2391,-210.7921,loss
strategy_e,Strategy E (Afternoon Engine),long,14,2025-12-20T14:00:00+00:00,2025-12-20T15:00:00+00:00,2025-12-20T22:00:00+08:00,2025-12-20T23:00:00+08:00,2025-12-20,2025-W51,2025-12,88260.88,88040.6014,1,1,sl,0.0644,220.2786,-0.2496,-220.2786,loss
strategy_e,Strategy E (Afternoon Engine),long,14,2025-12-19T14:00:00+00:00,2025-12-19T17:00:00+00:00,2025-12-19T22:00:00+08:00,2025-12-20T01:00:00+08:00,2025-12-19,2025-W51,2025-12,88180.01,87523.6921,3,3,sl,2.9618,656.3179,-0.7443,-656.3179,loss
strategy_e,Strategy E (Afternoon Engine),long,14,2025-12-18T14:00:00+00:00,2025-12-18T17:00:00+00:00,2025-12-18T22:00:00+08:00,2025-12-19T01:00:00+08:00,2025-12-18,2025-W51,2025-12,88345.2,87743.0629,3,3,sl,1.898,602.1371,-0.6816,-602.1371,loss
strategy_e,Strategy E (Afternoon Engine),long,14,2025-12-17T14:00:00+00:00,2025-12-17T15:00:00+00:00,2025-12-17T22:00:00+08:00,2025-12-17T23:00:00+08:00,2025-12-17,2025-W51,2025-12,89675.85,88980.1929,1,1,sl,2.5066,695.6571,-0.7757,-695.6571,loss
strategy_e,Strategy E (Afternoon Engine),long,14,2025-12-16T14:00:00+00:00,2025-12-16T20:00:00+00:00,2025-12-16T22:00:00+08:00,2025-12-17T04:00:00+08:00,2025-12-16,2025-W51,2025-12,87297.99,87573.23,6,6,time,1.5754,689.1543,0.3153,275.24,win
strategy_c,Strategy C (US Session Drain),short,16,2025-12-15T16:00:00+00:00,2025-12-15T18:00:00+00:00,2025-12-16T00:00:00+08:00,2025-12-16T02:00:00+08:00,2025-12-16,2025-W51,2025-12,86400.01,85193.9457,2,2,tp,-3.6442,603.0321,1.3959,1206.0643,win
strategy_c,Strategy C (US Session Drain),short,16,2025-12-14T16:00:00+00:00,2025-12-14T22:00:00+00:00,2025-12-15T00:00:00+08:00,2025-12-15T06:00:00+08:00,2025-12-15,2025-W51,2025-12,88836.98,88059.0,6,6,tp,-1.5127,388.99,0.8757,777.98,win
strategy_c,Strategy C (US Session Drain),short,16,2025-12-13T16:00:00+00:00,2025-12-13T22:00:00+00:00,2025-12-14T00:00:00+08:00,2025-12-14T06:00:00+08:00,2025-12-14,2025-W50,2025-12,90087.28,90140.1,6,6,time,-0.3148,213.2064,-0.0586,-52.82,loss
strategy_c,Strategy C (US Session Drain),short,16,2025-12-12T16:00:00+00:00,2025-12-12T18:00:00+00:00,2025-12-13T00:00:00+08:00,2025-12-13T02:00:00+08:00,2025-12-13,2025-W50,2025-12,90046.54,90643.4621,2,2,sl,-2.5435,596.9221,-0.6629,-596.9221,loss
strategy_c,Strategy C (US Session Drain),short,16,2025-12-11T16:00:00+00:00,2025-12-11T18:00:00+00:00,2025-12-12T00:00:00+08:00,2025-12-12T02:00:00+08:00,2025-12-12,2025-W50,2025-12,89737.11,90282.2636,2,2,sl,-0.7734,545.1536,-0.6075,-545.1536,loss
strategy_c,Strategy C (US Session Drain),short,16,2025-12-10T16:00:00+00:00,2025-12-10T18:00:00+00:00,2025-12-11T00:00:00+08:00,2025-12-11T02:00:00+08:00,2025-12-11,2025-W50,2025-12,92174.11,92632.3586,2,2,sl,-0.409,458.2486,-0.4972,-458.2486,loss
strategy_e,Strategy E (Afternoon Engine),long,14,2025-12-09T14:00:00+00:00,2025-12-09T15:00:00+00:00,2025-12-09T22:00:00+08:00,2025-12-09T23:00:00+08:00,2025-12-09,2025-W50,2025-12,90357.59,91353.6514,1,1,tp,0.3213,498.0307,1.1024,996.0614,win
strategy_c,Strategy C (US Session Drain),short,16,2025-12-08T16:00:00+00:00,2025-12-08T20:00:00+00:00,2025-12-09T00:00:00+08:00,2025-12-09T04:00:00+08:00,2025-12-09,2025-W50,2025-12,89978.48,90568.0371,4,4,sl,-1.4381,589.5571,-0.6552,-589.5571,loss
strategy_e,Strategy E (Afternoon Engine),long,14,2025-12-06T14:00:00+00:00,2025-12-06T15:00:00+00:00,2025-12-06T22:00:00+08:00,2025-12-06T23:00:00+08:00,2025-12-06,2025-W49,2025-12,90004.76,89712.9786,1,1,sl,0.6867,291.7814,-0.3242,-291.7814,loss
strategy_c,Strategy C (US Session Drain),short,16,2025-12-05T16:00:00+00:00,2025-12-05T18:00:00+00:00,2025-12-06T00:00:00+08:00,2025-12-06T02:00:00+08:00,2025-12-06,2025-W49,2025-12,88810.89,89572.3179,2,2,sl,-3.4959,761.4279,-0.8574,-761.4279,loss
strategy_c,Strategy C (US Session Drain),short,16,2025-12-04T16:00:00+00:00,2025-12-04T19:00:00+00:00,2025-12-05T00:00:00+08:00,2025-12-05T03:00:00+08:00,2025-12-05,2025-W49,2025-12,92431.72,91148.4757,3,3,tp,-0.9949,641.6221,1.3883,1283.2443,win
strategy_c,Strategy C (US Session Drain),short,16,2025-12-03T16:00:00+00:00,2025-12-03T17:00:00+00:00,2025-12-04T00:00:00+08:00,2025-12-04T01:00:00+08:00,2025-12-04,2025-W49,2025-12,92242.24,92960.5521,1,1,sl,-1.1996,718.3121,-0.7787,-718.3121,loss
strategy_e,Strategy E (Afternoon Engine),long,14,2025-12-02T14:00:00+00:00,2025-12-02T15:00:00+00:00,2025-12-02T22:00:00+08:00,2025-12-02T23:00:00+08:00,2025-12-02,2025-W49,2025-12,89271.99,90607.2171,1,1,tp,3.1397,667.6136,1.4957,1335.2271,win
strategy_c,Strategy C (US Session Drain),short,16,2025-12-01T16:00:00+00:00,2025-12-01T18:00:00+00:00,2025-12-02T00:00:00+08:00,2025-12-02T02:00:00+08:00,2025-12-02,2025-W49,2025-12,84571.8,85371.9857,2,2,sl,-1.4327,800.1857,-0.9462,-800.1857,loss
strategy_e,Strategy E (Afternoon Engine),long,14,2025-11-30T14:00:00+00:00,2025-11-30T20:00:00+00:00,2025-11-30T22:00:00+08:00,2025-12-01T04:00:00+08:00,2025-11-30,2025-W48,2025-11,91499.99,91315.6,6,6,time,0.7759,357.1036,-0.2015,-184.39,loss
strategy_c,Strategy C (US Session Drain),short,16,2025-11-28T16:00:00+00:00,2025-11-28T22:00:00+00:00,2025-11-29T00:00:00+08:00,2025-11-29T06:00:00+08:00,2025-11-29,2025-W48,2025-11,90936.23,91122.0,6,6,time,-0.5335,709.415,-0.2043,-185.77,loss
strategy_e,Strategy E (Afternoon Engine),long,14,2025-11-28T14:00:00+00:00,2025-11-28T16:00:00+00:00,2025-11-28T22:00:00+08:00,2025-11-29T00:00:00+08:00,2025-11-28,2025-W48,2025-11,92250.01,91642.22,2,2,sl,1.2812,607.79,-0.6589,-607.79,loss
strategy_c,Strategy C (US Session Drain),short,16,2025-11-25T16:00:00+00:00,2025-11-25T17:00:00+00:00,2025-11-26T00:00:00+08:00,2025-11-26T01:00:00+08:00,2025-11-26,2025-W48,2025-11,87121.31,87749.4829,1,1,sl,-1.3808,628.1729,-0.721,-628.1729,loss
strategy_e,Strategy E (Afternoon Engine),long,14,2025-11-23T14:00:00+00:00,2025-11-23T20:00:00+00:00,2025-11-23T22:00:00+08:00,2025-11-24T04:00:00+08:00,2025-11-23,2025-W47,2025-11,86547.4,87483.36,6,6,time,0.6361,612.3743,1.0814,935.96,win
strategy_c,Strategy C (US Session Drain),short,16,2025-11-21T16:00:00+00:00,2025-11-21T22:00:00+00:00,2025-11-22T00:00:00+08:00,2025-11-22T06:00:00+08:00,2025-11-22,2025-W47,2025-11,84919.59,84284.42,6,6,time,-1.3172,1660.8786,0.748,635.17,win
strategy_c,Strategy C (US Session Drain),short,16,2025-11-20T16:00:00+00:00,2025-11-20T19:00:00+00:00,2025-11-21T00:00:00+08:00,2025-11-21T03:00:00+08:00,2025-11-21,2025-W47,2025-11,87878.1,86149.0657,3,3,tp,-5.4696,864.5171,1.9675,1729.0343,win
strategy_c,Strategy C (US Session Drain),short,16,2025-11-19T16:00:00+00:00,2025-11-19T21:00:00+00:00,2025-11-20T00:00:00+08:00,2025-11-20T05:00:00+08:00,2025-11-20,2025-W47,2025-11,89905.78,90792.6036,5,5,sl,-1.3793,886.8236,-0.9864,-886.8236,loss
strategy_e,Strategy E (Afternoon Engine),long,14,2025-11-18T14:00:00+00:00,2025-11-18T16:00:00+00:00,2025-11-18T22:00:00+08:00,2025-11-19T00:00:00+08:00,2025-11-18,2025-W47,2025-11,91359.29,93121.6986,2,2,tp,0.5429,881.2043,1.9291,1762.4086,win
strategy_c,Strategy C (US Session Drain),short,16,2025-11-17T16:00:00+00:00,2025-11-17T18:00:00+00:00,2025-11-18T00:00:00+08:00,2025-11-18T02:00:00+08:00,2025-11-18,2025-W47,2025-11,94306.0,92627.3343,2,2,tp,-0.8315,839.3329,1.78,1678.6657,win
strategy_c,Strategy C (US Session Drain),short,16,2025-11-16T16:00:00+00:00,2025-11-16T18:00:00+00:00,2025-11-17T00:00:00+08:00,2025-11-17T02:00:00+08:00,2025-11-17,2025-W47,2025-11,94224.47,94769.1464,2,2,sl,-1.667,544.6764,-0.5781,-544.6764,loss
strategy_c,Strategy C (US Session Drain),short,16,2025-11-14T16:00:00+00:00,2025-11-14T20:00:00+00:00,2025-11-15T00:00:00+08:00,2025-11-15T04:00:00+08:00,2025-11-15,2025-W46,2025-11,97011.22,94502.7386,4,4,tp,-0.8308,1254.2407,2.5858,2508.4814,win
strategy_c,Strategy C (US Session Drain),short,16,2025-11-13T16:00:00+00:00,2025-11-13T18:00:00+00:00,2025-11-14T00:00:00+08:00,2025-11-14T02:00:00+08:00,2025-11-14,2025-W46,2025-11,100633.13,98581.0071,2,2,tp,-1.456,1026.0614,2.0392,2052.1229,win
strategy_e,Strategy E (Afternoon Engine),long,14,2025-11-13T14:00:00+00:00,2025-11-13T15:00:00+00:00,2025-11-13T22:00:00+08:00,2025-11-13T23:00:00+08:00,2025-11-13,2025-W46,2025-11,102873.14,101966.7029,1,1,sl,0.7924,906.4371,-0.8811,-906.4371,loss
strategy_c,Strategy C (US Session Drain),short,16,2025-11-12T16:00:00+00:00,2025-11-12T22:00:00+00:00,2025-11-13T00:00:00+08:00,2025-11-13T06:00:00+08:00,2025-11-13,2025-W46,2025-11,101442.61,101978.96,6,6,time,-1.7475,762.9843,-0.5287,-536.35,loss
strategy_e,Strategy E (Afternoon Engine),long,14,2025-11-12T14:00:00+00:00,2025-11-12T15:00:00+00:00,2025-11-12T22:00:00+08:00,2025-11-12T23:00:00+08:00,2025-11-12,2025-W46,2025-11,103990.4,103380.5343,1,1,sl,0.8131,609.8657,-0.5865,-609.8657,loss
strategy_c,Strategy C (US Session Drain),short,16,2025-11-11T16:00:00+00:00,2025-11-11T22:00:00+00:00,2025-11-12T00:00:00+08:00,2025-11-12T06:00:00+08:00,2025-11-12,2025-W46,2025-11,103399.43,103000.01,6,6,time,-2.2277,681.8164,0.3863,399.42,win
strategy_c,Strategy C (US Session Drain),short,16,2025-11-10T16:00:00+00:00,2025-11-10T17:00:00+00:00,2025-11-11T00:00:00+08:00,2025-11-11T01:00:00+08:00,2025-11-11,2025-W46,2025-11,105242.05,105870.1107,1,1,sl,-0.8583,628.0607,-0.5968,-628.0607,loss
strategy_e,Strategy E (Afternoon Engine),long,14,2025-11-09T14:00:00+00:00,2025-11-09T15:00:00+00:00,2025-11-09T22:00:00+08:00,2025-11-09T23:00:00+08:00,2025-11-09,2025-W45,2025-11,103037.9,104018.5157,1,1,tp,1.3821,490.3079,0.9517,980.6157,win
strategy_c,Strategy C (US Session Drain),short,16,2025-11-08T16:00:00+00:00,2025-11-08T21:00:00+00:00,2025-11-09T00:00:00+08:00,2025-11-09T05:00:00+08:00,2025-11-09,2025-W45,2025-11,101850.22,102348.6271,5,5,sl,-0.6969,498.4071,-0.4894,-498.4071,loss
strategy_c,Strategy C (US Session Drain),short,16,2025-11-07T16:00:00+00:00,2025-11-07T17:00:00+00:00,2025-11-08T00:00:00+08:00,2025-11-08T01:00:00+08:00,2025-11-08,2025-W45,2025-11,101169.2,101999.45,1,1,sl,-0.8409,830.25,-0.8207,-830.25,loss
strategy_c,Strategy C (US Session Drain),short,16,2025-11-06T16:00:00+00:00,2025-11-06T17:00:00+00:00,2025-11-07T00:00:00+08:00,2025-11-07T01:00:00+08:00,2025-11-07,2025-W45,2025-11,100867.2,101758.9493,1,1,sl,-3.041,891.7493,-0.8841,-891.7493,loss
strategy_e,Strategy E (Afternoon Engine),long,14,2025-11-05T14:00:00+00:00,2025-11-05T20:00:00+00:00,2025-11-05T22:00:00+08:00,2025-11-06T04:00:00+08:00,2025-11-05,2025-W45,2025-11,103202.3,103831.22,6,6,time,1.4992,908.29,0.6094,628.92,win
strategy_c,Strategy C (US Session Drain),short,16,2025-11-04T16:00:00+00:00,2025-11-04T18:00:00+00:00,2025-11-05T00:00:00+08:00,2025-11-05T02:00:00+08:00,2025-11-05,2025-W45,2025-11,102257.7,100133.2671,2,2,tp,-4.2084,1062.2164,2.0775,2124.4329,win
strategy_c,Strategy C (US Session Drain),short,16,2025-11-03T16:00:00+00:00,2025-11-03T17:00:00+00:00,2025-11-04T00:00:00+08:00,2025-11-04T01:00:00+08:00,2025-11-04,2025-W45,2025-11,106678.44,107631.9157,1,1,sl,-1.1325,953.4757,-0.8938,-953.4757,loss
strategy_c,Strategy C (US Session Drain),short,16,2025-11-02T16:00:00+00:00,2025-11-02T22:00:00+00:00,2025-11-03T00:00:00+08:00,2025-11-03T06:00:00+08:00,2025-11-03,2025-W45,2025-11,110115.34,109899.99,6,6,time,-0.5014,498.5557,0.1956,215.35,win
strategy_e,Strategy E (Afternoon Engine),long,14,2025-11-02T14:00:00+00:00,2025-11-02T16:00:00+00:00,2025-11-02T22:00:00+08:00,2025-11-03T00:00:00+08:00,2025-11-02,2025-W44,2025-11,110422.24,109946.8021,2,2,sl,0.3695,475.4379,-0.4306,-475.4379,loss
strategy_e,Strategy E (Afternoon Engine),long,14,2025-11-01T14:00:00+00:00,2025-11-01T20:00:00+00:00,2025-11-01T22:00:00+08:00,2025-11-02T04:00:00+08:00,2025-11-01,2025-W44,2025-11,109933.85,110406.2,6,6,time,0.1308,315.1,0.4297,472.35,win
strategy_c,Strategy C (US Session Drain),short,16,2025-10-31T16:00:00+00:00,2025-10-31T18:00:00+00:00,2025-11-01T00:00:00+08:00,2025-11-01T02:00:00+08:00,2025-11-01,2025-W44,2025-11,108845.4,109724.3129,2,2,sl,-1.1252,878.9129,-0.8075,-878.9129,loss
strategy_e,Strategy E (Afternoon Engine),long,14,2025-10-31T14:00:00+00:00,2025-10-31T16:00:00+00:00,2025-10-31T22:00:00+08:00,2025-11-01T00:00:00+08:00,2025-10-31,2025-W44,2025-10,110790.14,109961.5493,2,2,sl,1.7749,828.5907,-0.7479,-828.5907,loss
strategy_c,Strategy C (US Session Drain),short,16,2025-10-30T16:00:00+00:00,2025-10-30T22:00:00+00:00,2025-10-31T00:00:00+08:00,2025-10-31T06:00:00+08:00,2025-10-31,2025-W44,2025-10,108144.57,107912.81,6,6,time,-0.3967,1059.4914,0.2143,231.76,win
strategy_c,Strategy C (US Session Drain),short,16,2025-10-29T16:00:00+00:00,2025-10-29T17:00:00+00:00,2025-10-30T00:00:00+08:00,2025-10-30T01:00:00+08:00,2025-10-30,2025-W44,2025-10,111106.35,111646.3779,1,1,sl,-1.5107,540.0279,-0.486,-540.0279,loss
strategy_e,Strategy E (Afternoon Engine),long,14,2025-10-28T14:00:00+00:00,2025-10-28T19:00:00+00:00,2025-10-28T22:00:00+08:00,2025-10-29T03:00:00+08:00,2025-10-28,2025-W44,2025-10,115068.17,114481.2386,5,5,sl,0.9929,586.9314,-0.5101,-586.9314,loss
strategy_e,Strategy E (Afternoon Engine),long,14,2025-10-26T14:00:00+00:00,2025-10-26T20:00:00+00:00,2025-10-26T22:00:00+08:00,2025-10-27T04:00:00+08:00,2025-10-26,2025-W43,2025-10,113575.36,113320.8,6,6,time,1.9081,414.2664,-0.2241,-254.56,loss
strategy_e,Strategy E (Afternoon Engine),long,14,2025-10-25T14:00:00+00:00,2025-10-25T16:00:00+00:00,2025-10-25T22:00:00+08:00,2025-10-26T00:00:00+08:00,2025-10-25,2025-W43,2025-10,111591.19,111269.0936,2,2,sl,0.5093,322.0964,-0.2886,-322.0964,loss
strategy_c,Strategy C (US Session Drain),short,16,2025-10-24T16:00:00+00:00,2025-10-24T20:00:00+00:00,2025-10-25T00:00:00+08:00,2025-10-25T04:00:00+08:00,2025-10-25,2025-W43,2025-10,110261.81,110961.7929,4,4,sl,-0.8246,699.9829,-0.6348,-699.9829,loss
strategy_e,Strategy E (Afternoon Engine),long,14,2025-10-23T14:00:00+00:00,2025-10-23T17:00:00+00:00,2025-10-23T22:00:00+08:00,2025-10-24T01:00:00+08:00,2025-10-23,2025-W43,2025-10,109594.9,110941.3314,3,3,tp,1.0927,673.2157,1.2286,1346.4314,win
strategy_c,Strategy C (US Session Drain),short,16,2025-10-22T16:00:00+00:00,2025-10-22T22:00:00+00:00,2025-10-23T00:00:00+08:00,2025-10-23T06:00:00+08:00,2025-10-23,2025-W43,2025-10,108226.0,107196.82,6,6,time,-0.3679,829.7829,0.951,1029.18,win
strategy_e,Strategy E (Afternoon Engine),long,14,2025-10-22T14:00:00+00:00,2025-10-22T15:00:00+00:00,2025-10-22T22:00:00+08:00,2025-10-22T23:00:00+08:00,2025-10-22,2025-W43,2025-10,108947.5,108217.1993,1,1,sl,0.6919,730.3007,-0.6703,-730.3007,loss
strategy_e,Strategy E (Afternoon Engine),long,14,2025-10-21T14:00:00+00:00,2025-10-21T20:00:00+00:00,2025-10-21T22:00:00+08:00,2025-10-22T04:00:00+08:00,2025-10-21,2025-W43,2025-10,112170.52,111182.8721,6,6,sl,2.4249,987.6479,-0.8805,-987.6479,loss
strategy_e,Strategy E (Afternoon Engine),long,14,2025-10-20T14:00:00+00:00,2025-10-20T16:00:00+00:00,2025-10-20T22:00:00+08:00,2025-10-21T00:00:00+08:00,2025-10-20,2025-W43,2025-10,111210.86,110541.3157,2,2,sl,2.2469,669.5443,-0.602,-669.5443,loss
strategy_e,Strategy E (Afternoon Engine),long,14,2025-10-19T14:00:00+00:00,2025-10-19T20:00:00+00:00,2025-10-19T22:00:00+08:00,2025-10-20T04:00:00+08:00,2025-10-19,2025-W42,2025-10,108405.47,108845.06,6,6,time,1.4586,627.3221,0.4055,439.59,win
strategy_e,Strategy E (Afternoon Engine),long,14,2025-10-18T14:00:00+00:00,2025-10-18T16:00:00+00:00,2025-10-18T22:00:00+08:00,2025-10-19T00:00:00+08:00,2025-10-18,2025-W42,2025-10,107028.36,106568.2536,2,2,sl,0.4037,460.1064,-0.4299,-460.1064,loss
strategy_c,Strategy C (US Session Drain),short,16,2025-10-17T16:00:00+00:00,2025-10-17T22:00:00+00:00,2025-10-18T00:00:00+08:00,2025-10-18T06:00:00+08:00,2025-10-18,2025-W42,2025-10,106372.34,107000.1,6,6,time,-2.2199,1216.2329,-0.5902,-627.76,loss
strategy_c,Strategy C (US Session Drain),short,16,2025-10-16T16:00:00+00:00,2025-10-16T22:00:00+00:00,2025-10-17T00:00:00+08:00,2025-10-17T06:00:00+08:00,2025-10-17,2025-W42,2025-10,109232.43,107798.85,6,6,time,-1.5623,1087.8064,1.3124,1433.58,win
strategy_c,Strategy C (US Session Drain),short,16,2025-10-15T16:00:00+00:00,2025-10-15T22:00:00+00:00,2025-10-16T00:00:00+08:00,2025-10-16T06:00:00+08:00,2025-10-16,2025-W42,2025-10,110748.0,110667.97,6,6,time,-1.4213,832.8771,0.0723,80.03,win
strategy_c,Strategy C (US Session Drain),short,16,2025-10-14T16:00:00+00:00,2025-10-14T18:00:00+00:00,2025-10-15T00:00:00+08:00,2025-10-15T02:00:00+08:00,2025-10-15,2025-W42,2025-10,112328.83,113385.8857,2,2,sl,-0.6485,1057.0557,-0.941,-1057.0557,loss
strategy_c,Strategy C (US Session Drain),short,16,2025-10-13T16:00:00+00:00,2025-10-13T19:00:00+00:00,2025-10-14T00:00:00+08:00,2025-10-14T03:00:00+08:00,2025-10-14,2025-W42,2025-10,114669.24,115476.55,3,3,sl,-0.0339,807.31,-0.704,-807.31,loss
strategy_e,Strategy E (Afternoon Engine),long,14,2025-10-12T14:00:00+00:00,2025-10-12T16:00:00+00:00,2025-10-12T22:00:00+08:00,2025-10-13T00:00:00+08:00,2025-10-12,2025-W41,2025-10,112338.1,114018.0829,2,2,tp,2.0152,839.9914,1.4955,1679.9829,win
strategy_c,Strategy C (US Session Drain),short,16,2025-10-11T16:00:00+00:00,2025-10-11T20:00:00+00:00,2025-10-12T00:00:00+08:00,2025-10-12T04:00:00+08:00,2025-10-12,2025-W41,2025-10,111846.18,110054.7929,4,4,tp,-0.9736,895.6936,1.6017,1791.3871,win
strategy_c,Strategy C (US Session Drain),short,16,2025-10-10T16:00:00+00:00,2025-10-10T19:00:00+00:00,2025-10-11T00:00:00+08:00,2025-10-11T03:00:00+08:00,2025-10-11,2025-W41,2025-10,118205.61,116652.7857,3,3,tp,-2.4984,776.4121,1.3137,1552.8243,win
strategy_c,Strategy C (US Session Drain),short,16,2025-10-09T16:00:00+00:00,2025-10-09T17:00:00+00:00,2025-10-10T00:00:00+08:00,2025-10-10T01:00:00+08:00,2025-10-10,2025-W41,2025-10,119819.77,120662.385,1,1,sl,-1.9034,842.615,-0.7032,-842.615,loss
strategy_e,Strategy E (Afternoon Engine),long,14,2025-10-08T14:00:00+00:00,2025-10-08T17:00:00+00:00,2025-10-08T22:00:00+08:00,2025-10-09T01:00:00+08:00,2025-10-08,2025-W41,2025-10,122320.0,123772.0114,3,3,tp,0.2226,726.0057,1.1871,1452.0114,win
strategy_c,Strategy C (US Session Drain),short,16,2025-10-07T16:00:00+00:00,2025-10-07T22:00:00+00:00,2025-10-08T00:00:00+08:00,2025-10-08T06:00:00+08:00,2025-10-08,2025-W41,2025-10,121684.17,122011.17,6,6,time,-2.2617,805.8164,-0.2687,-327.0,loss
strategy_e,Strategy E (Afternoon Engine),long,14,2025-10-06T14:00:00+00:00,2025-10-06T17:00:00+00:00,2025-10-06T22:00:00+08:00,2025-10-07T01:00:00+08:00,2025-10-06,2025-W41,2025-10,124530.0,125734.1243,3,3,tp,0.3379,602.0621,0.9669,1204.1243,win
strategy_c,Strategy C (US Session Drain),short,16,2025-10-05T16:00:00+00:00,2025-10-05T22:00:00+00:00,2025-10-06T00:00:00+08:00,2025-10-06T06:00:00+08:00,2025-10-06,2025-W41,2025-10,123265.54,123237.4,6,6,time,-1.5237,755.8243,0.0228,28.14,win
strategy_c,Strategy C (US Session Drain),short,16,2025-10-04T16:00:00+00:00,2025-10-04T20:00:00+00:00,2025-10-05T00:00:00+08:00,2025-10-05T04:00:00+08:00,2025-10-05,2025-W40,2025-10,121719.99,122052.5243,4,4,sl,-0.6327,332.5343,-0.2732,-332.5343,loss
strategy_e,Strategy E (Afternoon Engine),long,14,2025-10-04T14:00:00+00:00,2025-10-04T16:00:00+00:00,2025-10-04T22:00:00+08:00,2025-10-05T00:00:00+08:00,2025-10-04,2025-W40,2025-10,122000.01,121672.1336,2,2,sl,0.1194,327.8764,-0.2688,-327.8764,loss
strategy_e,Strategy E (Afternoon Engine),long,14,2025-10-03T14:00:00+00:00,2025-10-03T15:00:00+00:00,2025-10-03T22:00:00+08:00,2025-10-03T23:00:00+08:00,2025-10-03,2025-W40,2025-10,120917.85,121814.9557,1,1,tp,0.6325,448.5529,0.7419,897.1057,win
strategy_e,Strategy E (Afternoon Engine),long,14,2025-10-02T14:00:00+00:00,2025-10-02T15:00:00+00:00,2025-10-02T22:00:00+08:00,2025-10-02T23:00:00+08:00,2025-10-02,2025-W40,2025-10,118814.09,119769.5529,1,1,tp,0.0508,477.7314,0.8042,955.4629,win
strategy_e,Strategy E (Afternoon Engine),long,14,2025-10-01T14:00:00+00:00,2025-10-01T20:00:00+00:00,2025-10-01T22:00:00+08:00,2025-10-02T04:00:00+08:00,2025-10-01,2025-W40,2025-10,117292.74,117536.12,6,6,time,2.6433,582.6493,0.2075,243.38,win
strategy_c,Strategy C (US Session Drain),short,16,2025-09-30T16:00:00+00:00,2025-09-30T17:00:00+00:00,2025-10-01T00:00:00+08:00,2025-10-01T01:00:00+08:00,2025-10-01,2025-W40,2025-10,112841.24,113295.4957,1,1,sl,-1.096,454.2557,-0.4026,-454.2557,loss
strategy_e,Strategy E (Afternoon Engine),long,14,2025-09-29T14:00:00+00:00,2025-09-29T17:00:00+00:00,2025-09-29T22:00:00+08:00,2025-09-30T01:00:00+08:00,2025-09-29,2025-W40,2025-09,114033.53,113566.8529,3,3,sl,2.0434,466.6771,-0.4092,-466.6771,loss
strategy_e,Strategy E (Afternoon Engine),long,14,2025-09-28T14:00:00+00:00,2025-09-28T16:00:00+00:00,2025-09-28T22:00:00+08:00,2025-09-29T00:00:00+08:00,2025-09-28,2025-W39,2025-09,109850.01,110268.5086,2,2,tp,0.3677,209.2493,0.381,418.4986,win
strategy_c,Strategy C (US Session Drain),short,16,2025-09-27T16:00:00+00:00,2025-09-27T22:00:00+00:00,2025-09-28T00:00:00+08:00,2025-09-28T06:00:00+08:00,2025-09-28,2025-W39,2025-09,109389.04,109585.0093,6,6,sl,-0.2425,195.9693,-0.1791,-195.9693,loss
strategy_c,Strategy C (US Session Drain),short,16,2025-09-25T16:00:00+00:00,2025-09-25T17:00:00+00:00,2025-09-26T00:00:00+08:00,2025-09-26T01:00:00+08:00,2025-09-26,2025-W39,2025-09,110957.29,109718.1529,1,1,tp,-0.6966,619.5686,1.1168,1239.1371,win
strategy_e,Strategy E (Afternoon Engine),long,14,2025-09-24T14:00:00+00:00,2025-09-24T16:00:00+00:00,2025-09-24T22:00:00+08:00,2025-09-25T00:00:00+08:00,2025-09-24,2025-W39,2025-09,113720.64,113243.9893,2,2,sl,1.4352,476.6507,-0.4191,-476.6507,loss
strategy_e,Strategy E (Afternoon Engine),long,14,2025-09-23T14:00:00+00:00,2025-09-23T17:00:00+00:00,2025-09-23T22:00:00+08:00,2025-09-24T01:00:00+08:00,2025-09-23,2025-W39,2025-09,112652.91,112194.645,3,3,sl,0.7522,458.265,-0.4068,-458.265,loss
strategy_c,Strategy C (US Session Drain),short,16,2025-09-22T16:00:00+00:00,2025-09-22T22:00:00+00:00,2025-09-23T00:00:00+08:00,2025-09-23T06:00:00+08:00,2025-09-23,2025-W39,2025-09,112600.68,112643.25,6,6,time,-1.6017,594.2107,-0.0378,-42.57,loss
strategy_c,Strategy C (US Session Drain),short,16,2025-09-21T16:00:00+00:00,2025-09-21T17:00:00+00:00,2025-09-22T00:00:00+08:00,2025-09-22T01:00:00+08:00,2025-09-22,2025-W39,2025-09,115316.0,115508.6721,1,1,sl,-0.1543,192.6721,-0.1671,-192.6721,loss
strategy_e,Strategy E (Afternoon Engine),long,14,2025-09-20T14:00:00+00:00,2025-09-20T18:00:00+00:00,2025-09-20T22:00:00+08:00,2025-09-21T02:00:00+08:00,2025-09-20,2025-W38,2025-09,115970.36,115802.7507,4,4,sl,0.3148,167.6093,-0.1445,-167.6093,loss
strategy_c,Strategy C (US Session Drain),short,16,2025-09-19T16:00:00+00:00,2025-09-19T19:00:00+00:00,2025-09-20T00:00:00+08:00,2025-09-20T03:00:00+08:00,2025-09-20,2025-W38,2025-09,116088.68,115374.6571,3,3,tp,-0.771,357.0114,0.6151,714.0229,win
strategy_c,Strategy C (US Session Drain),short,16,2025-09-18T16:00:00+00:00,2025-09-18T22:00:00+00:00,2025-09-19T00:00:00+08:00,2025-09-19T06:00:00+08:00,2025-09-19,2025-W38,2025-09,117565.6,117061.02,6,6,time,-0.0336,413.9857,0.4292,504.58,win
strategy_e,Strategy E (Afternoon Engine),long,14,2025-09-18T14:00:00+00:00,2025-09-18T19:00:00+00:00,2025-09-18T22:00:00+08:00,2025-09-19T03:00:00+08:00,2025-09-18,2025-W38,2025-09,117640.54,117198.8557,5,5,sl,0.5901,441.6843,-0.3755,-441.6843,loss
strategy_c,Strategy C (US Session Drain),short,16,2025-09-17T16:00:00+00:00,2025-09-17T17:00:00+00:00,2025-09-18T00:00:00+08:00,2025-09-18T01:00:00+08:00,2025-09-18,2025-W38,2025-09,115640.77,116059.2329,1,1,sl,-0.5784,418.4629,-0.3619,-418.4629,loss
strategy_e,Strategy E (Afternoon Engine),long,14,2025-09-16T14:00:00+00:00,2025-09-16T17:00:00+00:00,2025-09-16T22:00:00+08:00,2025-09-17T01:00:00+08:00,2025-09-16,2025-W38,2025-09,115296.86,116080.2029,3,3,tp,0.2281,391.6714,0.6794,783.3429,win
strategy_c,Strategy C (US Session Drain),short,16,2025-09-15T16:00:00+00:00,2025-09-15T18:00:00+00:00,2025-09-16T00:00:00+08:00,2025-09-16T02:00:00+08:00,2025-09-16,2025-W38,2025-09,114662.57,115229.7943,2,2,sl,-1.2024,567.2243,-0.4947,-567.2243,loss
strategy_c,Strategy C (US Session Drain),short,16,2025-09-14T16:00:00+00:00,2025-09-14T20:00:00+00:00,2025-09-15T00:00:00+08:00,2025-09-15T04:00:00+08:00,2025-09-15,2025-W38,2025-09,115480.0,115763.74,4,4,sl,-0.2341,283.74,-0.2457,-283.74,loss
strategy_c,Strategy C (US Session Drain),short,16,2025-09-13T16:00:00+00:00,2025-09-13T18:00:00+00:00,2025-09-14T00:00:00+08:00,2025-09-14T02:00:00+08:00,2025-09-14,2025-W37,2025-09,115334.0,115595.4914,2,2,sl,-0.315,261.4914,-0.2267,-261.4914,loss
strategy_e,Strategy E (Afternoon Engine),long,14,2025-09-11T14:00:00+00:00,2025-09-11T20:00:00+00:00,2025-09-11T22:00:00+08:00,2025-09-12T04:00:00+08:00,2025-09-11,2025-W37,2025-09,114463.73,114395.99,6,6,time,0.5664,476.0571,-0.0592,-67.74,loss
strategy_e,Strategy E (Afternoon Engine),long,14,2025-09-10T14:00:00+00:00,2025-09-10T18:00:00+00:00,2025-09-10T22:00:00+08:00,2025-09-11T02:00:00+08:00,2025-09-10,2025-W37,2025-09,113899.99,113393.7893,4,4,sl,2.2339,506.2007,-0.4444,-506.2007,loss
strategy_c,Strategy C (US Session Drain),short,16,2025-09-09T16:00:00+00:00,2025-09-09T21:00:00+00:00,2025-09-10T00:00:00+08:00,2025-09-10T05:00:00+08:00,2025-09-10,2025-W37,2025-09,110975.99,111544.2986,5,5,sl,-0.9355,568.3086,-0.5121,-568.3086,loss
strategy_e,Strategy E (Afternoon Engine),long,14,2025-09-09T14:00:00+00:00,2025-09-09T15:00:00+00:00,2025-09-09T22:00:00+08:00,2025-09-09T23:00:00+08:00,2025-09-09,2025-W37,2025-09,111767.45,111243.3236,1,1,sl,0.3923,524.1264,-0.4689,-524.1264,loss
strategy_e,Strategy E (Afternoon Engine),long,14,2025-09-08T14:00:00+00:00,2025-09-08T17:00:00+00:00,2025-09-08T22:00:00+08:00,2025-09-09T01:00:00+08:00,2025-09-08,2025-W37,2025-09,112645.05,112219.2729,3,3,sl,1.2631,425.7771,-0.378,-425.7771,loss
strategy_e,Strategy E (Afternoon Engine),long,14,2025-09-07T14:00:00+00:00,2025-09-07T18:00:00+00:00,2025-09-07T22:00:00+08:00,2025-09-08T02:00:00+08:00,2025-09-07,2025-W36,2025-09,111145.59,110884.3371,4,4,sl,0.4331,261.2529,-0.2351,-261.2529,loss
strategy_c,Strategy C (US Session Drain),short,16,2025-09-06T16:00:00+00:00,2025-09-06T22:00:00+00:00,2025-09-07T00:00:00+08:00,2025-09-07T06:00:00+08:00,2025-09-07,2025-W36,2025-09,110267.99,110170.55,6,6,time,-0.5485,224.6114,0.0884,97.44,win
strategy_c,Strategy C (US Session Drain),short,16,2025-09-05T16:00:00+00:00,2025-09-05T19:00:00+00:00,2025-09-06T00:00:00+08:00,2025-09-06T03:00:00+08:00,2025-09-06,2025-W36,2025-09,110815.4,111502.23,3,3,sl,-0.5649,686.83,-0.6198,-686.83,loss
strategy_c,Strategy C (US Session Drain),short,16,2025-09-04T16:00:00+00:00,2025-09-04T18:00:00+00:00,2025-09-05T00:00:00+08:00,2025-09-05T02:00:00+08:00,2025-09-05,2025-W36,2025-09,109438.34,109924.6843,2,2,sl,-1.3335,486.3443,-0.4444,-486.3443,loss
strategy_e,Strategy E (Afternoon Engine),long,14,2025-09-03T14:00:00+00:00,2025-09-03T16:00:00+00:00,2025-09-03T22:00:00+08:00,2025-09-04T00:00:00+08:00,2025-09-03,2025-W36,2025-09,112261.37,111721.7836,2,2,sl,0.7986,539.5864,-0.4807,-539.5864,loss
strategy_e,Strategy E (Afternoon Engine),long,14,2025-09-02T14:00:00+00:00,2025-09-02T16:00:00+00:00,2025-09-02T22:00:00+08:00,2025-09-03T00:00:00+08:00,2025-09-02,2025-W36,2025-09,111360.01,110588.1807,2,2,sl,1.0105,771.8293,-0.6931,-771.8293,loss
